{
  "document": {
    "confidence": 0.49769666262868717, 
    "label": "neg"
  }, 
  "entities": [], 
  "responseHeaders": {
    "Connection": "keep-alive", 
    "Content-Length": "75", 
    "Content-Type": "application/json", 
    "Date": "Fri, 06 Jan 2017 05:06:48 GMT", 
    "Server": "openresty", 
    "Strict-Transport-Security": "max-age=63072000; includeSubdomains; preload", 
    "X-RosetteAPI-App-Id": "1409613691693", 
    "X-RosetteAPI-Concurrency": "2", 
    "X-RosetteAPI-ProcessedLanguage": "eng", 
    "X-RosetteAPI-Request-Id": "3e61aca8-ba45-4502-8b82-60d2f1d0b93d"
  }
}
