{
  "document": {
    "confidence": 0.6534326840815691, 
    "label": "neg"
  }, 
  "entities": [
    {
      "count": 1, 
      "entityId": "T0", 
      "mention": "HP", 
      "normalized": "HP", 
      "sentiment": {
        "confidence": 0.6547150839743918, 
        "label": "neg"
      }, 
      "type": "ORGANIZATION"
    }
  ], 
  "responseHeaders": {
    "Connection": "keep-alive", 
    "Content-Length": "216", 
    "Content-Type": "application/json", 
    "Date": "Fri, 06 Jan 2017 05:01:23 GMT", 
    "Server": "openresty", 
    "Strict-Transport-Security": "max-age=63072000; includeSubdomains; preload", 
    "X-RosetteAPI-App-Id": "1409613691693", 
    "X-RosetteAPI-Concurrency": "2", 
    "X-RosetteAPI-ProcessedLanguage": "eng", 
    "X-RosetteAPI-Request-Id": "848d6eac-9e28-4de5-aaaa-4b8984cb30ea"
  }
}
