{
  "document": {
    "confidence": 0.6960021893444579, 
    "label": "pos"
  }, 
  "entities": [
    {
      "count": 1, 
      "entityId": "Q38", 
      "mention": "Italian", 
      "normalized": "Italian", 
      "sentiment": {
        "confidence": 0.6960021893444579, 
        "label": "pos"
      }, 
      "type": "LOCATION"
    }, 
    {
      "count": 1, 
      "entityId": "Q60", 
      "mention": "New York City", 
      "normalized": "New York City", 
      "sentiment": {
        "confidence": 0.6779051262959411, 
        "label": "pos"
      }, 
      "type": "LOCATION"
    }
  ], 
  "responseHeaders": {
    "Connection": "keep-alive", 
    "Content-Length": "385", 
    "Content-Type": "application/json", 
    "Date": "Fri, 06 Jan 2017 05:09:36 GMT", 
    "Server": "openresty", 
    "Strict-Transport-Security": "max-age=63072000; includeSubdomains; preload", 
    "X-RosetteAPI-App-Id": "1409613691693", 
    "X-RosetteAPI-Concurrency": "2", 
    "X-RosetteAPI-ProcessedLanguage": "eng", 
    "X-RosetteAPI-Request-Id": "2544c6d3-8c12-4511-a0d8-03c1b33967a6"
  }
}
