{
  "document": {
    "confidence": 0.3652750855123206, 
    "label": "neg"
  }, 
  "entities": [
    {
      "count": 1, 
      "entityId": "Q49125", 
      "mention": "Toshiba", 
      "normalized": "Toshiba", 
      "sentiment": {
        "confidence": 0.3652750855123206, 
        "label": "neg"
      }, 
      "type": "ORGANIZATION"
    }
  ], 
  "responseHeaders": {
    "Connection": "keep-alive", 
    "Content-Length": "230", 
    "Content-Type": "application/json", 
    "Date": "Fri, 06 Jan 2017 04:59:17 GMT", 
    "Server": "openresty", 
    "Strict-Transport-Security": "max-age=63072000; includeSubdomains; preload", 
    "X-RosetteAPI-App-Id": "1409613691693", 
    "X-RosetteAPI-Concurrency": "2", 
    "X-RosetteAPI-ProcessedLanguage": "eng", 
    "X-RosetteAPI-Request-Id": "42e386fa-a4f4-46e1-a1b8-13eb721dbdee"
  }
}
