{
  "document": {
    "confidence": 0.5158148768616998, 
    "label": "neu"
  }, 
  "entities": [
    {
      "count": 1, 
      "entityId": "T0", 
      "mention": "Mac", 
      "normalized": "Mac", 
      "sentiment": {
        "confidence": 0.43659282926900866, 
        "label": "neu"
      }, 
      "type": "PRODUCT"
    }
  ], 
  "responseHeaders": {
    "Connection": "keep-alive", 
    "Content-Length": "214", 
    "Content-Type": "application/json", 
    "Date": "Fri, 06 Jan 2017 05:02:40 GMT", 
    "Server": "openresty", 
    "Strict-Transport-Security": "max-age=63072000; includeSubdomains; preload", 
    "X-RosetteAPI-App-Id": "1409613691693", 
    "X-RosetteAPI-Concurrency": "2", 
    "X-RosetteAPI-ProcessedLanguage": "eng", 
    "X-RosetteAPI-Request-Id": "f4c8881b-56e4-4a5e-a7e7-a22a435e749b"
  }
}
