{
  "document": {
    "confidence": 0.7185468681382433, 
    "label": "pos"
  }, 
  "entities": [
    {
      "count": 1, 
      "entityId": "T0", 
      "mention": "Saturday", 
      "normalized": "Saturday", 
      "sentiment": {
        "confidence": 0.7185468681382433, 
        "label": "pos"
      }, 
      "type": "TEMPORAL:DATE"
    }
  ], 
  "responseHeaders": {
    "Connection": "keep-alive", 
    "Content-Length": "229", 
    "Content-Type": "application/json", 
    "Date": "Fri, 06 Jan 2017 04:58:55 GMT", 
    "Server": "openresty", 
    "Strict-Transport-Security": "max-age=63072000; includeSubdomains; preload", 
    "X-RosetteAPI-App-Id": "1409613691693", 
    "X-RosetteAPI-Concurrency": "2", 
    "X-RosetteAPI-ProcessedLanguage": "eng", 
    "X-RosetteAPI-Request-Id": "1572fc40-9f28-44e6-9cce-c0a61b069989"
  }
}
