{
  "document": {
    "confidence": 0.529103949373747, 
    "label": "neg"
  }, 
  "entities": [], 
  "responseHeaders": {
    "Connection": "keep-alive", 
    "Content-Length": "73", 
    "Content-Type": "application/json", 
    "Date": "Fri, 06 Jan 2017 05:01:01 GMT", 
    "Server": "openresty", 
    "Strict-Transport-Security": "max-age=63072000; includeSubdomains; preload", 
    "X-RosetteAPI-App-Id": "1409613691693", 
    "X-RosetteAPI-Concurrency": "2", 
    "X-RosetteAPI-ProcessedLanguage": "eng", 
    "X-RosetteAPI-Request-Id": "e2fcd8c2-f353-4411-9ecb-e12c66b259c4"
  }
}
