{
  "document": {
    "confidence": 0.7995973803184608, 
    "label": "pos"
  }, 
  "entities": [
    {
      "count": 1, 
      "entityId": "T0", 
      "mention": "Macbook arrived", 
      "normalized": "Macbook arrived", 
      "sentiment": {
        "confidence": 0.6920309744543182, 
        "label": "pos"
      }, 
      "type": "PRODUCT"
    }
  ], 
  "responseHeaders": {
    "Connection": "keep-alive", 
    "Content-Length": "237", 
    "Content-Type": "application/json", 
    "Date": "Fri, 06 Jan 2017 05:01:30 GMT", 
    "Server": "openresty", 
    "Strict-Transport-Security": "max-age=63072000; includeSubdomains; preload", 
    "X-RosetteAPI-App-Id": "1409613691693", 
    "X-RosetteAPI-Concurrency": "2", 
    "X-RosetteAPI-ProcessedLanguage": "eng", 
    "X-RosetteAPI-Request-Id": "67d87e7f-3b15-4d21-ba36-9c779b4a9637"
  }
}
