{
  "document": {
    "confidence": 0.6352069940133485, 
    "label": "neg"
  }, 
  "entities": [
    {
      "count": 1, 
      "entityId": "T0", 
      "mention": "HP", 
      "normalized": "HP", 
      "sentiment": {
        "confidence": 0.6352069940133485, 
        "label": "neg"
      }, 
      "type": "ORGANIZATION"
    }
  ], 
  "responseHeaders": {
    "Connection": "keep-alive", 
    "Content-Length": "216", 
    "Content-Type": "application/json", 
    "Date": "Fri, 06 Jan 2017 04:59:10 GMT", 
    "Server": "openresty", 
    "Strict-Transport-Security": "max-age=63072000; includeSubdomains; preload", 
    "X-RosetteAPI-App-Id": "1409613691693", 
    "X-RosetteAPI-Concurrency": "2", 
    "X-RosetteAPI-ProcessedLanguage": "eng", 
    "X-RosetteAPI-Request-Id": "a4bd4e67-a775-4793-8900-9815f2707126"
  }
}
