{
  "document": {
    "confidence": 0.42640992733990624, 
    "label": "pos"
  }, 
  "entities": [], 
  "responseHeaders": {
    "Connection": "keep-alive", 
    "Content-Length": "75", 
    "Content-Type": "application/json", 
    "Date": "Fri, 06 Jan 2017 04:58:48 GMT", 
    "Server": "openresty", 
    "Strict-Transport-Security": "max-age=63072000; includeSubdomains; preload", 
    "X-RosetteAPI-App-Id": "1409613691693", 
    "X-RosetteAPI-Concurrency": "2", 
    "X-RosetteAPI-ProcessedLanguage": "eng", 
    "X-RosetteAPI-Request-Id": "9501311a-7b8c-4ebf-aaef-1cf83b4bfa68"
  }
}
