{
  "document": {
    "confidence": 0.4835962098287029, 
    "label": "neu"
  }, 
  "entities": [
    {
      "count": 1, 
      "entityId": "Q30873", 
      "mention": "Dell", 
      "normalized": "Dell", 
      "sentiment": {
        "confidence": 0.4835962098287029, 
        "label": "neu"
      }, 
      "type": "ORGANIZATION"
    }, 
    {
      "count": 1, 
      "entityId": "T1", 
      "mention": "HP", 
      "normalized": "HP", 
      "sentiment": {
        "confidence": 0.4835962098287029, 
        "label": "neu"
      }, 
      "type": "ORGANIZATION"
    }
  ], 
  "responseHeaders": {
    "Connection": "keep-alive", 
    "Content-Length": "367", 
    "Content-Type": "application/json", 
    "Date": "Fri, 06 Jan 2017 05:01:05 GMT", 
    "Server": "openresty", 
    "Strict-Transport-Security": "max-age=63072000; includeSubdomains; preload", 
    "X-RosetteAPI-App-Id": "1409613691693", 
    "X-RosetteAPI-Concurrency": "2", 
    "X-RosetteAPI-ProcessedLanguage": "eng", 
    "X-RosetteAPI-Request-Id": "582f0470-478c-4351-a94c-da67f9bf4401"
  }
}
