{
  "document": {
    "confidence": 0.6332182360611522, 
    "label": "neg"
  }, 
  "entities": [
    {
      "count": 1, 
      "entityId": "Q30873", 
      "mention": "dell", 
      "normalized": "dell", 
      "sentiment": {
        "confidence": 0.48448323425216766, 
        "label": "neg"
      }, 
      "type": "ORGANIZATION"
    }, 
    {
      "count": 1, 
      "entityId": "Q533415", 
      "mention": "best buy", 
      "normalized": "best buy", 
      "sentiment": {
        "confidence": 0.6390844254160979, 
        "label": "neg"
      }, 
      "type": "ORGANIZATION"
    }, 
    {
      "count": 1, 
      "entityId": "T2", 
      "mention": "1 hour", 
      "normalized": "1 hour", 
      "sentiment": {
        "confidence": 0.5337666927612373, 
        "label": "neu"
      }, 
      "type": "TEMPORAL:TIME"
    }
  ], 
  "responseHeaders": {
    "Connection": "keep-alive", 
    "Content-Length": "537", 
    "Content-Type": "application/json", 
    "Date": "Fri, 06 Jan 2017 05:02:21 GMT", 
    "Server": "openresty", 
    "Strict-Transport-Security": "max-age=63072000; includeSubdomains; preload", 
    "X-RosetteAPI-App-Id": "1409613691693", 
    "X-RosetteAPI-Concurrency": "2", 
    "X-RosetteAPI-ProcessedLanguage": "eng", 
    "X-RosetteAPI-Request-Id": "ffe4a27c-fa07-41c3-b0f7-929fc70efbf0"
  }
}
