{
  "document": {
    "confidence": 0.6659255326978989, 
    "label": "pos"
  }, 
  "entities": [], 
  "responseHeaders": {
    "Connection": "keep-alive", 
    "Content-Length": "74", 
    "Content-Type": "application/json", 
    "Date": "Fri, 06 Jan 2017 05:07:21 GMT", 
    "Server": "openresty", 
    "Strict-Transport-Security": "max-age=63072000; includeSubdomains; preload", 
    "X-RosetteAPI-App-Id": "1409613691693", 
    "X-RosetteAPI-Concurrency": "2", 
    "X-RosetteAPI-ProcessedLanguage": "eng", 
    "X-RosetteAPI-Request-Id": "84466bbb-309e-4ee4-9254-5e1486789489"
  }
}
