{
  "document": {
    "confidence": 0.6218606170739976, 
    "label": "pos"
  }, 
  "entities": [
    {
      "count": 1, 
      "entityId": "Q18419", 
      "mention": "Brooklyn", 
      "normalized": "Brooklyn", 
      "sentiment": {
        "confidence": 0.6218606170739976, 
        "label": "pos"
      }, 
      "type": "LOCATION"
    }
  ], 
  "responseHeaders": {
    "Connection": "keep-alive", 
    "Content-Length": "228", 
    "Content-Type": "application/json", 
    "Date": "Fri, 06 Jan 2017 05:08:45 GMT", 
    "Server": "openresty", 
    "Strict-Transport-Security": "max-age=63072000; includeSubdomains; preload", 
    "X-RosetteAPI-App-Id": "1409613691693", 
    "X-RosetteAPI-Concurrency": "2", 
    "X-RosetteAPI-ProcessedLanguage": "eng", 
    "X-RosetteAPI-Request-Id": "5f1fc41a-a27e-4370-a9f8-9186db6e62bd"
  }
}
