{
  "document": {
    "confidence": 0.659101013632138, 
    "label": "neg"
  }, 
  "entities": [
    {
      "count": 1, 
      "entityId": "T0", 
      "mention": "Tom Kha", 
      "normalized": "Tom Kha", 
      "sentiment": {
        "confidence": 0.6554236636418382, 
        "label": "neg"
      }, 
      "type": "PERSON"
    }
  ], 
  "responseHeaders": {
    "Connection": "keep-alive", 
    "Content-Length": "219", 
    "Content-Type": "application/json", 
    "Date": "Fri, 06 Jan 2017 05:05:53 GMT", 
    "Server": "openresty", 
    "Strict-Transport-Security": "max-age=63072000; includeSubdomains; preload", 
    "X-RosetteAPI-App-Id": "1409613691693", 
    "X-RosetteAPI-Concurrency": "2", 
    "X-RosetteAPI-ProcessedLanguage": "eng", 
    "X-RosetteAPI-Request-Id": "5abe8e79-273d-43bd-9b78-55b4d9616c5a"
  }
}
