{
  "document": {
    "confidence": 0.7911326695877939, 
    "label": "pos"
  }, 
  "entities": [
    {
      "count": 1, 
      "entityId": "T0", 
      "mention": "Macs", 
      "normalized": "Macs", 
      "sentiment": {
        "confidence": 0.7911326695877939, 
        "label": "pos"
      }, 
      "type": "PRODUCT"
    }
  ], 
  "responseHeaders": {
    "Connection": "keep-alive", 
    "Content-Length": "215", 
    "Content-Type": "application/json", 
    "Date": "Fri, 06 Jan 2017 04:59:40 GMT", 
    "Server": "openresty", 
    "Strict-Transport-Security": "max-age=63072000; includeSubdomains; preload", 
    "X-RosetteAPI-App-Id": "1409613691693", 
    "X-RosetteAPI-Concurrency": "2", 
    "X-RosetteAPI-ProcessedLanguage": "eng", 
    "X-RosetteAPI-Request-Id": "d3763f87-6be8-451a-ad7a-5d13cc2af539"
  }
}
