{
  "document": {
    "confidence": 0.4889358885451389, 
    "label": "neu"
  }, 
  "entities": [
    {
      "count": 1, 
      "entityId": "Q492346", 
      "mention": "williamsburg", 
      "normalized": "williamsburg", 
      "sentiment": {
        "confidence": 0.4889358885451389, 
        "label": "neu"
      }, 
      "type": "LOCATION"
    }
  ], 
  "responseHeaders": {
    "Connection": "keep-alive", 
    "Content-Length": "237", 
    "Content-Type": "application/json", 
    "Date": "Fri, 06 Jan 2017 05:09:40 GMT", 
    "Server": "openresty", 
    "Strict-Transport-Security": "max-age=63072000; includeSubdomains; preload", 
    "X-RosetteAPI-App-Id": "1409613691693", 
    "X-RosetteAPI-Concurrency": "2", 
    "X-RosetteAPI-ProcessedLanguage": "eng", 
    "X-RosetteAPI-Request-Id": "06217310-bc96-497e-8b19-0818b0f0c2f6"
  }
}
