{
  "document": {
    "confidence": 0.48877271761787094, 
    "label": "pos"
  }, 
  "entities": [], 
  "responseHeaders": {
    "Connection": "keep-alive", 
    "Content-Length": "75", 
    "Content-Type": "application/json", 
    "Date": "Fri, 06 Jan 2017 05:04:04 GMT", 
    "Server": "openresty", 
    "Strict-Transport-Security": "max-age=63072000; includeSubdomains; preload", 
    "X-RosetteAPI-App-Id": "1409613691693", 
    "X-RosetteAPI-Concurrency": "2", 
    "X-RosetteAPI-ProcessedLanguage": "eng", 
    "X-RosetteAPI-Request-Id": "3070e019-c538-4105-b8b9-38da53968712"
  }
}
