{
  "document": {
    "confidence": 0.7697266168033229, 
    "label": "neg"
  }, 
  "entities": [
    {
      "count": 1, 
      "entityId": "T0", 
      "mention": "MacBook", 
      "normalized": "MacBook", 
      "sentiment": {
        "confidence": 0.755180105301861, 
        "label": "neg"
      }, 
      "type": "PRODUCT"
    }
  ], 
  "responseHeaders": {
    "Connection": "keep-alive", 
    "Content-Length": "220", 
    "Content-Type": "application/json", 
    "Date": "Fri, 06 Jan 2017 05:04:29 GMT", 
    "Server": "openresty", 
    "Strict-Transport-Security": "max-age=63072000; includeSubdomains; preload", 
    "X-RosetteAPI-App-Id": "1409613691693", 
    "X-RosetteAPI-Concurrency": "2", 
    "X-RosetteAPI-ProcessedLanguage": "eng", 
    "X-RosetteAPI-Request-Id": "3a64c7e4-880d-4595-b191-b747b4acdae6"
  }
}
