{
  "document": {
    "confidence": 0.6674757732129337, 
    "label": "pos"
  }, 
  "entities": [], 
  "responseHeaders": {
    "Connection": "keep-alive", 
    "Content-Length": "74", 
    "Content-Type": "application/json", 
    "Date": "Fri, 06 Jan 2017 05:02:36 GMT", 
    "Server": "openresty", 
    "Strict-Transport-Security": "max-age=63072000; includeSubdomains; preload", 
    "X-RosetteAPI-App-Id": "1409613691693", 
    "X-RosetteAPI-Concurrency": "2", 
    "X-RosetteAPI-ProcessedLanguage": "eng", 
    "X-RosetteAPI-Request-Id": "2ff50ce1-47e2-4f88-813c-2b7e8b390928"
  }
}
