{
  "document": {
    "confidence": 0.4822127186430421, 
    "label": "neu"
  }, 
  "entities": [
    {
      "count": 1, 
      "entityId": "T0", 
      "mention": "MacBook", 
      "normalized": "MacBook", 
      "sentiment": {
        "confidence": 0.4822127186430421, 
        "label": "neu"
      }, 
      "type": "PRODUCT"
    }
  ], 
  "responseHeaders": {
    "Connection": "keep-alive", 
    "Content-Length": "221", 
    "Content-Type": "application/json", 
    "Date": "Fri, 06 Jan 2017 04:59:14 GMT", 
    "Server": "openresty", 
    "Strict-Transport-Security": "max-age=63072000; includeSubdomains; preload", 
    "X-RosetteAPI-App-Id": "1409613691693", 
    "X-RosetteAPI-Concurrency": "2", 
    "X-RosetteAPI-ProcessedLanguage": "eng", 
    "X-RosetteAPI-Request-Id": "6a89e0c4-e807-4351-8755-2a9dfc3b4df4"
  }
}
