{
  "document": {
    "confidence": 0.727651104374183, 
    "label": "pos"
  }, 
  "entities": [], 
  "responseHeaders": {
    "Connection": "keep-alive", 
    "Content-Length": "73", 
    "Content-Type": "application/json", 
    "Date": "Fri, 06 Jan 2017 05:06:55 GMT", 
    "Server": "openresty", 
    "Strict-Transport-Security": "max-age=63072000; includeSubdomains; preload", 
    "X-RosetteAPI-App-Id": "1409613691693", 
    "X-RosetteAPI-Concurrency": "2", 
    "X-RosetteAPI-ProcessedLanguage": "eng", 
    "X-RosetteAPI-Request-Id": "91a9300c-6e57-49d7-ba5c-fbe885916833"
  }
}
