{
  "document": {
    "confidence": 0.4874667975359171, 
    "label": "pos"
  }, 
  "entities": [], 
  "responseHeaders": {
    "Connection": "keep-alive", 
    "Content-Length": "74", 
    "Content-Type": "application/json", 
    "Date": "Fri, 06 Jan 2017 05:10:38 GMT", 
    "Server": "openresty", 
    "Strict-Transport-Security": "max-age=63072000; includeSubdomains; preload", 
    "X-RosetteAPI-App-Id": "1409613691693", 
    "X-RosetteAPI-Concurrency": "2", 
    "X-RosetteAPI-ProcessedLanguage": "eng", 
    "X-RosetteAPI-Request-Id": "98fa74fe-ee87-4511-a550-1d60464681aa"
  }
}
