{
  "document": {
    "confidence": 0.6899160786273711, 
    "label": "pos"
  }, 
  "entities": [], 
  "responseHeaders": {
    "Connection": "keep-alive", 
    "Content-Length": "74", 
    "Content-Type": "application/json", 
    "Date": "Fri, 06 Jan 2017 05:08:30 GMT", 
    "Server": "openresty", 
    "Strict-Transport-Security": "max-age=63072000; includeSubdomains; preload", 
    "X-RosetteAPI-App-Id": "1409613691693", 
    "X-RosetteAPI-Concurrency": "2", 
    "X-RosetteAPI-ProcessedLanguage": "eng", 
    "X-RosetteAPI-Request-Id": "95a83c3b-6bd4-4ec1-9f8a-d0a1f76f8b50"
  }
}
