{
  "document": {
    "confidence": 0.6026853269170535, 
    "label": "pos"
  }, 
  "entities": [], 
  "responseHeaders": {
    "Connection": "keep-alive", 
    "Content-Length": "74", 
    "Content-Type": "application/json", 
    "Date": "Fri, 06 Jan 2017 05:05:31 GMT", 
    "Server": "openresty", 
    "Strict-Transport-Security": "max-age=63072000; includeSubdomains; preload", 
    "X-RosetteAPI-App-Id": "1409613691693", 
    "X-RosetteAPI-Concurrency": "2", 
    "X-RosetteAPI-ProcessedLanguage": "eng", 
    "X-RosetteAPI-Request-Id": "e9f96161-3ccf-409f-8ef9-05c974e955b5"
  }
}
