{
  "document": {
    "confidence": 0.428933283452709, 
    "label": "pos"
  }, 
  "entities": [], 
  "responseHeaders": {
    "Connection": "keep-alive", 
    "Content-Length": "73", 
    "Content-Type": "application/json", 
    "Date": "Fri, 06 Jan 2017 05:09:00 GMT", 
    "Server": "openresty", 
    "Strict-Transport-Security": "max-age=63072000; includeSubdomains; preload", 
    "X-RosetteAPI-App-Id": "1409613691693", 
    "X-RosetteAPI-Concurrency": "2", 
    "X-RosetteAPI-ProcessedLanguage": "eng", 
    "X-RosetteAPI-Request-Id": "ad509421-451f-43aa-bb31-0060180c584b"
  }
}
