{
  "document": {
    "confidence": 0.43978983359799684, 
    "label": "neu"
  }, 
  "entities": [], 
  "responseHeaders": {
    "Connection": "keep-alive", 
    "Content-Length": "75", 
    "Content-Type": "application/json", 
    "Date": "Fri, 06 Jan 2017 05:00:09 GMT", 
    "Server": "openresty", 
    "Strict-Transport-Security": "max-age=63072000; includeSubdomains; preload", 
    "X-RosetteAPI-App-Id": "1409613691693", 
    "X-RosetteAPI-Concurrency": "2", 
    "X-RosetteAPI-ProcessedLanguage": "eng", 
    "X-RosetteAPI-Request-Id": "53f14281-6c79-41f6-843f-8ab1c52a7a7a"
  }
}
