{
  "document": {
    "confidence": 0.4853463052530406, 
    "label": "neg"
  }, 
  "entities": [
    {
      "count": 1, 
      "entityId": "T0", 
      "mention": "Joya", 
      "normalized": "Joya", 
      "sentiment": {
        "confidence": 0.4853463052530406, 
        "label": "neg"
      }, 
      "type": "PERSON"
    }
  ], 
  "responseHeaders": {
    "Connection": "keep-alive", 
    "Content-Length": "214", 
    "Content-Type": "application/json", 
    "Date": "Fri, 06 Jan 2017 05:08:49 GMT", 
    "Server": "openresty", 
    "Strict-Transport-Security": "max-age=63072000; includeSubdomains; preload", 
    "X-RosetteAPI-App-Id": "1409613691693", 
    "X-RosetteAPI-Concurrency": "2", 
    "X-RosetteAPI-ProcessedLanguage": "eng", 
    "X-RosetteAPI-Request-Id": "4f985812-0b47-4c44-a762-c791464a8355"
  }
}
