{
  "document": {
    "confidence": 0.6038852693795528, 
    "label": "neu"
  }, 
  "entities": [
    {
      "count": 1, 
      "entityId": "Q161792", 
      "mention": "The Dell", 
      "normalized": "The Dell", 
      "sentiment": {
        "confidence": 0.5533715535558886, 
        "label": "neu"
      }, 
      "type": "LOCATION"
    }, 
    {
      "count": 1, 
      "entityId": "Q30873", 
      "mention": "Dell", 
      "normalized": "Dell", 
      "sentiment": {
        "confidence": 0.6038852693795528, 
        "label": "neu"
      }, 
      "type": "ORGANIZATION"
    }
  ], 
  "responseHeaders": {
    "Connection": "keep-alive", 
    "Content-Length": "380", 
    "Content-Type": "application/json", 
    "Date": "Fri, 06 Jan 2017 05:00:35 GMT", 
    "Server": "openresty", 
    "Strict-Transport-Security": "max-age=63072000; includeSubdomains; preload", 
    "X-RosetteAPI-App-Id": "1409613691693", 
    "X-RosetteAPI-Concurrency": "2", 
    "X-RosetteAPI-ProcessedLanguage": "eng", 
    "X-RosetteAPI-Request-Id": "f9e24cce-4898-4915-932d-3c38d6dd11ae"
  }
}
