{
  "document": {
    "confidence": 0.5004583173021857, 
    "label": "neu"
  }, 
  "entities": [
    {
      "count": 1, 
      "entityId": "T0", 
      "mention": "Rao", 
      "normalized": "Rao", 
      "sentiment": {
        "confidence": 0.5004583173021857, 
        "label": "neu"
      }, 
      "type": "PERSON"
    }
  ], 
  "responseHeaders": {
    "Connection": "keep-alive", 
    "Content-Length": "212", 
    "Content-Type": "application/json", 
    "Date": "Fri, 06 Jan 2017 05:05:27 GMT", 
    "Server": "openresty", 
    "Strict-Transport-Security": "max-age=63072000; includeSubdomains; preload", 
    "X-RosetteAPI-App-Id": "1409613691693", 
    "X-RosetteAPI-Concurrency": "2", 
    "X-RosetteAPI-ProcessedLanguage": "eng", 
    "X-RosetteAPI-Request-Id": "8da22a7c-11b6-4322-8ffc-e50404e97081"
  }
}
