{
  "document": {
    "confidence": 0.5326888771751362, 
    "label": "neg"
  }, 
  "entities": [
    {
      "count": 1, 
      "entityId": "Q161053", 
      "mention": "Ruby", 
      "normalized": "Ruby", 
      "sentiment": {
        "confidence": 0.5326888771751362, 
        "label": "neg"
      }, 
      "type": "PRODUCT"
    }
  ], 
  "responseHeaders": {
    "Connection": "keep-alive", 
    "Content-Length": "220", 
    "Content-Type": "application/json", 
    "Date": "Fri, 06 Jan 2017 05:07:13 GMT", 
    "Server": "openresty", 
    "Strict-Transport-Security": "max-age=63072000; includeSubdomains; preload", 
    "X-RosetteAPI-App-Id": "1409613691693", 
    "X-RosetteAPI-Concurrency": "2", 
    "X-RosetteAPI-ProcessedLanguage": "eng", 
    "X-RosetteAPI-Request-Id": "157971c8-a6e4-4d22-a868-fabeef6fa889"
  }
}
