{
  "document": {
    "confidence": 0.5854501109236312, 
    "label": "pos"
  }, 
  "entities": [
    {
      "count": 1, 
      "entityId": "T0", 
      "mention": "us", 
      "normalized": "us", 
      "sentiment": {
        "confidence": 0.37536018765178, 
        "label": "pos"
      }, 
      "type": "LOCATION"
    }
  ], 
  "responseHeaders": {
    "Connection": "keep-alive", 
    "Content-Length": "210", 
    "Content-Type": "application/json", 
    "Date": "Fri, 06 Jan 2017 04:59:06 GMT", 
    "Server": "openresty", 
    "Strict-Transport-Security": "max-age=63072000; includeSubdomains; preload", 
    "X-RosetteAPI-App-Id": "1409613691693", 
    "X-RosetteAPI-Concurrency": "2", 
    "X-RosetteAPI-ProcessedLanguage": "eng", 
    "X-RosetteAPI-Request-Id": "bf3c612d-35d1-42f6-a3eb-a3d4bfd37f3e"
  }
}
