{
  "document": {
    "confidence": 0.820731809549467, 
    "label": "pos"
  }, 
  "entities": [], 
  "responseHeaders": {
    "Connection": "keep-alive", 
    "Content-Length": "73", 
    "Content-Type": "application/json", 
    "Date": "Fri, 06 Jan 2017 05:04:36 GMT", 
    "Server": "openresty", 
    "Strict-Transport-Security": "max-age=63072000; includeSubdomains; preload", 
    "X-RosetteAPI-App-Id": "1409613691693", 
    "X-RosetteAPI-Concurrency": "2", 
    "X-RosetteAPI-ProcessedLanguage": "eng", 
    "X-RosetteAPI-Request-Id": "5a6046c3-248c-4c93-bfb6-ed2dc7f5fb28"
  }
}
