{
  "document": {
    "confidence": 0.7121143676083864, 
    "label": "neg"
  }, 
  "entities": [
    {
      "count": 1, 
      "entityId": "Q41187", 
      "mention": "Sony", 
      "normalized": "Sony", 
      "sentiment": {
        "confidence": 0.4845720698195006, 
        "label": "pos"
      }, 
      "type": "ORGANIZATION"
    }
  ], 
  "responseHeaders": {
    "Connection": "keep-alive", 
    "Content-Length": "224", 
    "Content-Type": "application/json", 
    "Date": "Fri, 06 Jan 2017 05:03:42 GMT", 
    "Server": "openresty", 
    "Strict-Transport-Security": "max-age=63072000; includeSubdomains; preload", 
    "X-RosetteAPI-App-Id": "1409613691693", 
    "X-RosetteAPI-Concurrency": "2", 
    "X-RosetteAPI-ProcessedLanguage": "eng", 
    "X-RosetteAPI-Request-Id": "98fbe78e-f82c-428e-bc77-975fbabc99d0"
  }
}
