{
  "document": {
    "confidence": 0.8003838170525412, 
    "label": "neg"
  }, 
  "entities": [
    {
      "count": 1, 
      "entityId": "T0", 
      "mention": "three years", 
      "normalized": "three years", 
      "sentiment": {
        "confidence": 0.6542916907497001, 
        "label": "neg"
      }, 
      "type": "TEMPORAL:TIME"
    }
  ], 
  "responseHeaders": {
    "Connection": "keep-alive", 
    "Content-Length": "235", 
    "Content-Type": "application/json", 
    "Date": "Fri, 06 Jan 2017 04:59:58 GMT", 
    "Server": "openresty", 
    "Strict-Transport-Security": "max-age=63072000; includeSubdomains; preload", 
    "X-RosetteAPI-App-Id": "1409613691693", 
    "X-RosetteAPI-Concurrency": "2", 
    "X-RosetteAPI-ProcessedLanguage": "eng", 
    "X-RosetteAPI-Request-Id": "7e483958-020a-4956-865f-41fa0247274c"
  }
}
