{
  "document": {
    "confidence": 0.6133754175193077, 
    "label": "pos"
  }, 
  "entities": [
    {
      "count": 1, 
      "entityId": "T0", 
      "mention": "24hrs", 
      "normalized": "24hrs", 
      "sentiment": {
        "confidence": 0.6133754175193077, 
        "label": "pos"
      }, 
      "type": "TEMPORAL:TIME"
    }
  ], 
  "responseHeaders": {
    "Connection": "keep-alive", 
    "Content-Length": "223", 
    "Content-Type": "application/json", 
    "Date": "Fri, 06 Jan 2017 05:09:11 GMT", 
    "Server": "openresty", 
    "Strict-Transport-Security": "max-age=63072000; includeSubdomains; preload", 
    "X-RosetteAPI-App-Id": "1409613691693", 
    "X-RosetteAPI-Concurrency": "2", 
    "X-RosetteAPI-ProcessedLanguage": "eng", 
    "X-RosetteAPI-Request-Id": "16f5f55a-8d4b-48cb-8c0b-f5711f4e06ce"
  }
}
